Link Name,Center of Mass X,Center of Mass Y,Center of Mass Z,Center of Mass Roll,Center of Mass Pitch,Center of Mass Yaw,Mass,Moment Ixx,Moment Ixy,Moment Ixz,Moment Iyy,Moment Iyz,Moment Izz,Visual X,Visual Y,Visual Z,Visual Roll,Visual Pitch,Visual Yaw,Mesh Filename,Color Red,Color Green,Color Blue,Color Alpha,Collision X,Collision Y,Collision Z,Collision Roll,Collision Pitch,Collision Yaw,Collision Mesh Filename,Material Name,SW Components,Coordinate System,Axis Name,Joint Name,Joint Type,Joint Origin X,Joint Origin Y,Joint Origin Z,Joint Origin Roll,Joint Origin Pitch,Joint Origin Yaw,Parent,Joint Axis X,Joint Axis Y,Joint Axis Z,Limit Effort,Limit Velocity,Limit Lower,Limit Upper,Calibration rising,Calibration falling,Dynamics Damping,Dynamics Friction,Safety Soft Upper,Safety Soft Lower,Safety K Position,Safety K Velocity
torso,2.53826637317414E-19,0,-0.0125,0,0,0,0.709500353486371,0.00402779036050359,-1.30591579083171E-18,-4.46062750606306E-21,0.000936545497263993,4.78673307497893E-20,0.00489042957094609,0,0,0,0,0,0,package://Allex_Bipedal/meshes/torso.STL,0,0.6,0,1,0,0,0,0,0,0,package://Allex_Bipedal/meshes/torso.STL,,사본 Allex_Pelvis^AASM_Allex_RL_Model-1,좌표계0,,,,0,0,0,0,0,0,,0,0,0,,,,,,,,,,,,
r_hy,-0.0307639653073301,8.82162740574594E-05,0.0464042856123114,0,0,0,0.362744860196153,0.00105819813154338,6.11553110165379E-07,0.000306746086768311,0.00121612939375434,1.24493713959402E-06,0.000681837117020168,0,0,0,0,0,0,package://Allex_Bipedal/meshes/r_hy.STL,0,0.6,1,1,0,0,0,0,0,0,package://Allex_Bipedal/meshes/r_hy.STL,,사본 Allex_Hip^AASM_Allex_RL_Model-2,좌표계1,기준축1,R_HY,revolute,0,-0.09,-0.025,3.14159265358979,0,0,torso,0,0,1,1,1,-1,1,,,,,,,,
r_hr,-2.77555756156289E-17,1.38777878078145E-17,0.0885796185674785,0,0,0,1.11972125547743,0.00244660588868756,3.10110708676494E-20,1.10281860188186E-19,0.00255806559374616,6.16049106592936E-20,0.00232918495386242,0,0,0,0,0,0,package://Allex_Bipedal/meshes/r_hr.STL,0.505882352941176,0.713725490196078,0.768627450980392,1,0,0,0,0,0,0,package://Allex_Bipedal/meshes/r_hr.STL,,사본 Allex_Hip_Pivot^AASM_Allex_RL_Model-2,좌표계2,기준축2,R_HR,revolute,-0.064999999999999,-0.000100000000000003,0.13,0,1.5707963267949,0,r_hy,0,0,1,1,1,-1,1,,,,,,,,
r_hp,-0.191641753523999,-0.0255643148439554,-1.38777878078145E-17,0,0,0,4.38379685452695,0.013597099564388,0.00262481922506059,2.05024705297175E-18,0.0397258328465048,-4.95664517112616E-19,0.0387332411800925,0,0,0,0,0,0,package://Allex_Bipedal/meshes/r_hp.STL,0.8,0.8,0.2,1,0,0,0,0,0,0,package://Allex_Bipedal/meshes/r_hp.STL,,사본 Allex_Thigh^AASM_Allex_RL_Model-2,좌표계3,기준축3,R_HP,revolute,0,0,0.089999999999999,-1.5707963267949,0,0,r_hr,0,0,-1,1,1,-1,1,,,,,,,,
r_kn,-0.0132004609210514,-0.121917216922937,-1.38777878078145E-17,0,0,0,2.77807025175996,0.0284705025097801,0.0021509799289004,3.30714310089444E-19,0.00443774640925794,1.30469395739657E-18,0.0293092079805787,0,0,0,0,0,0,package://Allex_Bipedal/meshes/r_kn.STL,0.764705882352941,0.87843137254902,0.741176470588235,1,0,0,0,0,0,0,package://Allex_Bipedal/meshes/r_kn.STL,,사본 Allex_Shin^AASM_Allex_RL_Model-2,좌표계4,기준축4,R_KN,revolute,-0.35,0,0,3.14159265358979,0,1.5707963267949,r_hp,0,0,1,1,1,-1,1,,,,,,,,
r_ak,-0.00660924567798126,0.00381584977132277,0,0,0,0,0.0571830748904514,3.24188467240926E-05,1.00684067870316E-06,-6.08012005891448E-22,3.35814461978533E-05,6.33236218645217E-22,1.06578672815214E-05,0,0,0,0,0,0,package://Allex_Bipedal/meshes/r_ak.STL,0.4,0.2,0.8,1,0,0,0,0,0,0,package://Allex_Bipedal/meshes/r_ak.STL,,사본 Allex_Ankle^AASM_Allex_RL_Model-2,좌표계5,기준축5,R_AK,revolute,0,-0.36,0,0,0,0,r_kn,0,0,-1,1,1,-1,1,,,,,,,,
r_ft,-0.0437269069802954,6.55927812065471E-11,-0.0122712934836515,0,0,0,0.167694950970076,0.000463468397555934,1.18394527735859E-10,0.000193843083754541,0.00056608822654417,7.7930232692739E-11,0.000172594872419313,0,0,0,0,0,0,package://Allex_Bipedal/meshes/r_ft.STL,0.862745098039216,0.890196078431372,0.603921568627451,1,0,0,0,0,0,0,package://Allex_Bipedal/meshes/r_ft.STL,,사본 Allex_Foot^AASM_Allex_RL_Model-2,좌표계6,기준축6,R_FT,revolute,-0.0285788383248863,0.0165,0,-1.5707963267949,0,1.0471975511966,r_ak,0,0,-1,1,1,-1,1,,,,,,,,
r_hill,0.0173165306391366,1.02576670352184E-08,0.00384851618045801,0,0,0,0.053723653115331,1.38734408575951E-05,-3.52345617754833E-10,3.27493108847666E-06,2.08845419448926E-05,-1.3453383580462E-10,2.8983404841045E-05,0,0,0,0,0,0,package://Allex_Bipedal/meshes/r_hill.STL,0.254901960784314,0.215686274509804,0.192156862745098,1,0,0,0,0,0,0,package://Allex_Bipedal/meshes/r_hill.STL,,사본 Allex_Heel_Pad^AASM_Allex_RL_Model-2,좌표계15,Axis_R_HILL,R_HILL,fixed,-0.0316199178179557,0,-0.111232695808149,0,-1.0471975511966,3.14159265358979,r_ft,0,0,0,,,,,,,,,,,,
r_to,-0.0310979349915773,-0.0194013791754151,2.4980018054066E-16,0,0,0,0.101633574321567,9.63743613409719E-05,-2.93700603292254E-06,-6.41257822127424E-19,0.000155974991616352,-2.63477394558789E-19,7.48643237352165E-05,0,0,0,0,0,0,package://Allex_Bipedal/meshes/r_to.STL,1,0,0,1,0,0,0,0,0,0,package://Allex_Bipedal/meshes/r_to.STL,,사본 Allex_Toe^AASM_Allex_RL_Model-2,좌표계7,기준축7,R_TO,revolute,-0.0834807621135191,0,0.0485929214351859,1.57079632679489,1.0471975511966,0,r_ft,0,0,-1,1,1,-1,1,,,,,,,,
r_tp,0.00723034788298177,2.46424218239283E-07,0.00932943134829123,0,0,0,0.103165733091242,6.94482261304047E-05,-6.37522973491319E-10,-2.54373171360181E-06,7.87352548718015E-05,-1.08977595336268E-11,0.000143442746311634,0,0,0,0,0,0,package://Allex_Bipedal/meshes/r_tp.STL,0.254901960784314,0.215686274509804,0.192156862745098,1,0,0,0,0,0,0,package://Allex_Bipedal/meshes/r_tp.STL,,사본 Allex_Toe_Pad^AASM_Allex_RL_Model-2,좌표계16,Axis_R_TP,R_TP,fixed,-0.0279999999999999,-0.043,0,1.5707963267949,0,3.14159265358979,r_to,0,0,0,,,,,,,,,,,,
l_hy,0.000211270445130002,-0.0307633663362876,-0.0464042856123114,0,0,0,0.362744860196153,0.00121612197454797,1.24324848218375E-06,-1.79526489000452E-08,0.00105820555074975,-0.000306748612537785,0.000681837117020169,0,0,0,0,0,0,package://Allex_Bipedal/meshes/l_hy.STL,0,0.6,1,1,0,0,0,0,0,0,package://Allex_Bipedal/meshes/l_hy.STL,,사본 Allex_Hip^AASM_Allex_RL_Model-1,좌표계8,기준축8,L_HY,revolute,0,0.09,-0.025,0,0,-1.57479630546177,torso,0,0,-1,1,1,-1,1,,,,,,,,
l_hr,0,0,0.0885796185674785,0,0,0,1.11972125547743,0.00255806559374616,2.83091060713627E-20,-1.23344316238803E-19,0.00244660588868756,1.92040894082731E-19,0.00232918495386242,0,0,0,0,0,0,package://Allex_Bipedal/meshes/l_hr.STL,0.505882352941176,0.713725490196078,0.768627450980392,1,0,0,0,0,0,0,package://Allex_Bipedal/meshes/l_hr.STL,,사본 Allex_Hip_Pivot^AASM_Allex_RL_Model-1,좌표계9,기준축9,L_HR,revolute,0.000259997920024985,-0.0649994800062399,-0.13,1.5707963267949,0,-3.13759267492292,l_hy,0,0,1,1,1,-1,1,,,,,,,,
l_hp,-0.0255643148439554,0.191641753523999,1.38777878078145E-17,0,0,0,4.38379685452695,0.0397258328465048,-0.00262481922506059,-2.74521279643774E-19,0.013597099564388,-8.69472244408458E-19,0.0387332411800925,0,0,0,0,0,0,package://Allex_Bipedal/meshes/l_hp.STL,0.8,0.8,0.2,1,0,0,0,0,0,0,package://Allex_Bipedal/meshes/l_hp.STL,,사본 Allex_Thigh^AASM_Allex_RL_Model-1,좌표계10,기준축10,L_HP,revolute,-0.000100000000000003,0,0.09,3.14159265358979,1.5707963267949,0,l_hr,0,0,-1,1,1,-1,1,,,,,,,,
l_kn,-0.0132004609210514,0.121917216922937,-1.38777878078145E-17,0,0,0,2.77807025175996,0.0284705025097801,-0.0021509799289004,-5.57197886866294E-19,0.00443774640925793,6.92306397881754E-19,0.0293092079805786,0,0,0,0,0,0,package://Allex_Bipedal/meshes/l_kn.STL,0.764705882352941,0.87843137254902,0.741176470588235,1,0,0,0,0,0,0,package://Allex_Bipedal/meshes/l_kn.STL,,사본 Allex_Shin^AASM_Allex_RL_Model-1,좌표계11,기준축11,L_KN,revolute,0,0.350000000000001,0,0,0,0,l_hp,0,0,-1,1,1,-1,1,,,,,,,,
l_ak,-0.00660924567798236,0.00381584977132277,-1.38777878078145E-17,0,0,0,0.0571830748904513,3.24188467240924E-05,1.00684067870306E-06,2.3435517953571E-20,3.35814461978535E-05,-1.53465256841588E-20,1.06578672815214E-05,0,0,0,0,0,0,package://Allex_Bipedal/meshes/l_ak.STL,0.4,0.2,0.8,1,0,0,0,0,0,0,package://Allex_Bipedal/meshes/l_ak.STL,,사본 Allex_Ankle^AASM_Allex_RL_Model-1,좌표계12,기준축12,L_AK,revolute,0,0.359999999999999,0,-3.14159265358979,0,0,l_kn,0,0,-1,1,1,-1,1,,,,,,,,
l_ft,-0.0437269069802951,6.55927812065471E-11,-0.012271293483652,0,0,0,0.167694950970076,0.000463468397555932,1.18394527733493E-10,0.000193843083754543,0.000566088226544171,7.79302327228399E-11,0.000172594872419316,0,0,0,0,0,0,package://Allex_Bipedal/meshes/l_ft.STL,0.862745098039216,0.890196078431372,0.603921568627451,1,0,0,0,0,0,0,package://Allex_Bipedal/meshes/l_ft.STL,,사본 Allex_Foot^AASM_Allex_RL_Model-1,좌표계13,기준축13,L_FT,revolute,-0.0285788383248615,0.0164999999999811,0,-1.5707963267949,0,1.04719755119667,l_ak,0,0,-1,1,1,-1,1,,,,,,,,
l_hill,0.0173165306391366,1.02576669658294E-08,0.00384851618045801,0,0,0,0.0537236531153309,1.3873440857595E-05,-3.52345617787748E-10,3.27493108847664E-06,2.08845419448926E-05,-1.34533835779262E-10,2.8983404841045E-05,0,0,0,0,0,0,package://Allex_Bipedal/meshes/l_hill.STL,0.254901960784314,0.215686274509804,0.192156862745098,1,0,0,0,0,0,0,package://Allex_Bipedal/meshes/l_hill.STL,,사본 Allex_Heel_Pad^AASM_Allex_RL_Model-1,좌표계17,Axis_L_HILL,L_HILL,fixed,-0.0316199178179536,0,-0.111232695808117,0,-1.04719755119659,3.14159265358979,l_ft,0,0,0,,,,,,,,,,,,
l_to,-0.0310979349915711,-0.0194013791754151,2.4980018054066E-16,0,0,0,0.101633574321567,9.63743613409719E-05,-2.93700603292254E-06,-6.3943530591804E-19,0.000155974991616352,-2.59453361396441E-19,7.48643237352165E-05,0,0,0,0,0,0,package://Allex_Bipedal/meshes/l_to.STL,1,0,0,1,0,0,0,0,0,0,package://Allex_Bipedal/meshes/l_to.STL,,사본 Allex_Toe^AASM_Allex_RL_Model-1,좌표계14,기준축14,L_TO,revolute,-0.0834807621135181,0,0.0485929214352174,1.57079632679489,1.04719755119659,0,l_ft,0,0,-1,1,1,-1,1,,,,,,,,
l_tp,0.0072303478829818,2.46424218280916E-07,0.00932943134829123,0,0,0,0.103165733091241,6.94482261304038E-05,-6.37522973520588E-10,-2.54373171360154E-06,7.87352548718007E-05,-1.08977596748282E-11,0.000143442746311633,0,0,0,0,0,0,package://Allex_Bipedal/meshes/l_tp.STL,0.254901960784314,0.215686274509804,0.192156862745098,1,0,0,0,0,0,0,package://Allex_Bipedal/meshes/l_tp.STL,,사본 Allex_Toe_Pad^AASM_Allex_RL_Model-1,좌표계18,Axis_L_TP,L_TP,fixed,-0.0279999999999936,-0.0430000000000003,0,1.5707963267949,0,3.14159265358979,l_to,0,0,0,,,,,,,,,,,,
